"","Keuwl","Accelerometer","Data","File","","42706.0","14-13-01"
"Number","Time(s)","X(g)","Y(g)","Z(g)","R(g)","Theta(deg)","Phi(deg)"
"1.0","9.857","-0.01952458","0.9693954","0.2020794","0.99042654","78.22712","91.15384"
"2.0","9.857","-0.023429496","0.97330034","0.22746135","0.99980056","76.84967","91.37897"
"3.0","9.857","-0.01854835","0.9440134","0.22258021","0.9700759","76.735535","91.125626"
"4.0","9.862","0.00097622897","0.92937","0.23331872","0.9582104","75.907135","89.93981"
"5.0","9.895","0.013667206","0.9225364","0.23429495","0.9519214","75.751465","89.15124"
"6.0","9.900001","0.006833603","0.93522733","0.22843759","0.9627464","76.27412","89.58135"
"7.0","9.929001","-0.005857374","0.9479183","0.20696054","0.970266","77.68402","90.354034"
"8.0","9.984","-0.01952458","0.95279956","0.1786499","0.96959996","79.38252","91.17393"
"9.0","9.984","-0.014643434","0.9596331","0.19817449","0.9799915","78.33315","90.87423"
"10.0","9.984","-0.004881145","0.9401085","0.21184167","0.96369326","77.30138","90.297485"
"11.0","10.009001","0.008786061","0.93327487","0.24796216","0.9656937","75.121445","89.46062"
"12.0","10.02","0.005857374","0.90691674","0.25772443","0.9428437","74.13641","89.62996"
"13.0","10.045","0.006833603","0.916679","0.25284332","0.9509347","74.5802","89.57288"
"14.0","10.078","0.017572122","0.9303462","0.24112856","0.96124697","75.4722","88.91794"
"15.0","10.080001","0.011714748","0.93522733","0.23722363","0.96491575","75.76798","89.28235"
"16.0","10.116","-0.0039049159","0.92937","0.23039004","0.9575089","76.07722","90.24074"
"17.0","10.120001","-0.020500809","0.91863143","0.24112856","0.9499721","75.295906","91.27844"
"18.0","10.145","-0.03904916","0.89715445","0.302631","0.94762677","71.37597","92.492256"
"19.0","10.178","-0.0039049159","0.91570276","0.26358184","0.95289147","73.94186","90.24433"
"20.0","10.181001","-0.0019524579","0.9225364","0.16986385","0.93804634","79.56718","90.12126"
"21.0","10.216001","0.005857374","0.94206095","0.20793676","0.9647543","77.55318","89.64376"
"22.0","10.22","-0.00097622897","0.9576807","0.2255089","0.9838737","76.749725","90.0584"
"23.0","10.245001","-0.01952458","0.95475197","0.24600971","0.9861305","75.55386","91.17153"
"24.0","10.278001","-0.023429496","0.9459658","0.22843759","0.9734393","76.427795","91.4188"
"25.0","10.281","-0.0156196635","0.95475197","0.208913","0.97746605","77.65902","90.93727"
"26.0","10.311001","-0.016595893","0.9518233","0.19622204","0.9719805","78.353165","90.9989"
"27.0","10.323001","-0.012690976","0.9459658","0.22160399","0.97165877","76.816666","90.76863"
"28.0","10.35","0.0","0.93229866","0.20598431","0.9547829","77.54109","90.0"
"29.0","10.38","-0.004881145","0.9264413","0.18548352","0.9448394","78.67861","90.30187"
"30.0","10.38","-0.004881145","0.93522733","0.15619664","0.9481937","80.51841","90.299034"
"31.0","10.411","-0.004881145","0.9488945","0.1415532","0.95940703","81.51547","90.29473"
"32.0","10.42","-0.004881145","0.9576807","0.1483868","0.9691207","81.19252","90.29202"
"33.0","10.445001","-0.005857374","0.95475197","0.16498269","0.96891946","80.1962","90.3515"
"34.0","10.4800005","-0.006833603","0.9596331","0.16595893","0.9739018","80.18856","90.408"
"35.0","10.4800005","-0.010738519","0.9606094","0.1718163","0.9759132","79.859825","90.64047"
"36.0","10.521001","-0.008786061","0.9449896","0.16986385","0.9601751","79.81022","90.53269"
"37.0","10.521001","0.00097622897","0.94206095","0.18255483","0.9595864","79.03302","89.94063"
"38.0","10.551001","0.017572122","0.94206095","0.1552204","0.9549246","80.64522","88.9314"
"39.0","10.581","0.02831064","0.9596331","0.11324256","0.9667063","83.27277","88.31018"
"40.0","10.581","0.014643434","0.97330034","0.13374338","0.9825555","82.176735","89.13804"
"41.0","10.611","-0.01952458","0.95572823","0.16791138","0.9705627","80.03747","91.170334"
"42.0","10.621","-0.052716363","0.97330034","0.15326795","0.9867034","81.06387","93.10025"
"43.0","10.645","-0.029286869","1.010397","0.12983845","1.0191259","82.68053","91.660286"
"44.0","10.679001","-0.023429496","1.0143019","0.10055158","1.019543","84.34005","91.32325"
"45.0","10.681001","-0.017572122","0.9898962","0.08297946","0.9935234","85.20905","91.016975"
"46.0","10.712001","-0.008786061","0.9479183","0.12007617","0.9555337","82.7809","90.531044"
"47.0","10.725","-0.008786061","0.9098454","0.16400647","0.9245507","79.7822","90.55327"
"48.0","10.754001","-0.021477038","0.90496427","0.18548352","0.9240269","78.42012","91.35951"
"49.0","10.785001","-0.013667206","0.92546505","0.19036464","0.9449397","78.37783","90.84608"
"50.0","10.785001","-0.022453265","0.94206095","0.17669745","0.95875174","79.37971","91.36534"
"51.0","10.814","-0.034168016","0.9606094","0.17376876","0.9767975","79.75275","92.0371"
"52.0","10.820001","-0.043930303","0.96256185","0.14936304","0.97507155","81.188644","92.613106"
"53.0","10.845","-0.024405725","0.98111016","0.13179092","0.99022305","82.351685","91.42497"
"54.0","10.878","0.0039049159","1.001611","0.10836142","1.0074632","83.82539","89.77663"
"55.0","10.8810005","-0.0156196635","0.9664667","0.16400647","0.98040813","80.37006","90.92591"
"56.0","10.911","-0.016595893","0.9391323","0.111290105","0.945849","83.242836","91.0124"
"57.0","10.9210005","-0.0156196635","0.9508471","0.067359805","0.953358","85.94837","90.94112"
"58.0","10.946","-0.031239327","0.9508471","0.13276714","0.96057963","82.0554","91.88173"
"59.0","10.979","-0.023429496","0.9479183","0.1552204","0.9608285","80.70321","91.41588"
"60.0","10.981001","-0.014643434","0.9606094","0.16303024","0.9744556","80.3689","90.873344"
"61.0","11.012","0.002928687","0.98892","0.09176553","0.9931728","84.69852","89.83032"
"62.0","11.026001","-0.024405725","0.9664667","0.10836142","0.97282875","83.60467","91.446556"
"63.0","11.048","-0.055645052","0.9391323","0.09664667","0.9457306","84.13456","93.3909"
"64.0","11.092001","-0.013667206","0.967443","0.11519502","0.9743729","83.21034","90.80937"
"65.0","11.092001","-0.067359805","0.9176552","0.21184167","0.9441956","77.03463","94.19823"
"66.0","11.123","-0.07907455","0.95377576","0.07809832","0.96022934","85.33481","94.73937"
"67.0","11.157001","-0.03904916","0.9967298","0.10348027","1.0028476","84.07731","92.243546"
"68.0","11.157001","-0.024405725","0.976229","0.093717985","0.98102075","84.51811","91.4321"
"69.0","11.190001","-0.011714748","0.95572823","0.12495731","0.9639336","82.551636","90.70226"
"70.0","11.190001","-0.011714748","0.94303715","0.13276714","0.95240927","81.98679","90.711716"
"71.0","11.221001","-0.005857374","0.9371798","0.13081467","0.9462837","82.05396","90.35809"
"72.0","11.250001","-0.01952458","0.9303462","0.11519502","0.9376541","82.94313","91.202255"
"73.0","11.250001","-0.04490653","0.91863143","0.1513155","0.93209267","80.65728","92.79863"
"74.0","11.284","-0.033191785","0.8922733","0.2020794","0.9154722","77.24763","92.13037"
"75.0","11.317","-0.123004854","0.873725","0.18938842","0.90243757","77.885666","98.01356"
"76.0","11.317","-0.06345488","0.9235126","0.14643435","0.9372006","81.0109","93.93063"
"77.0","11.348001","-0.024405725","0.9859913","0.13667206","0.9957177","82.11068","91.41792"
"78.0","11.351001","-0.00097622897","1.0094208","0.117147475","1.0161961","83.3802","90.05541"
"79.0","11.382001","-0.005857374","0.9928249","0.14252943","1.0030206","81.830605","90.33803"
"80.0","11.39","-0.016595893","0.9479183","0.20012695","0.9689558","78.08041","91.00301"
"81.0","11.4140005","-0.04490653","0.9283937","0.18255483","0.9472369","78.88823","92.76925"
"82.0","11.446","-0.03807293","0.9830626","0.107385196","0.989643","83.77062","92.217896"
"83.0","11.451","-0.011714748","1.0484699","0.03904916","1.0492622","87.867195","90.64015"
"84.0","11.479","-0.017572122","1.0367552","0.08005078","1.0399896","85.58543","90.97102"
"85.0","11.490001","-0.053692598","0.9449896","0.17084008","0.96180797","79.76861","93.251945"
"86.0","11.512","-0.0605262","0.90496427","0.18645974","0.92595404","78.38289","93.82638"
"87.0","11.545","-0.035144243","0.9449896","0.1483868","0.9572143","81.08208","92.12985"
"88.0","11.55","-0.017572122","0.9654905","0.12983845","0.97434014","82.34211","91.04268"
"89.0","11.580001","-0.034168016","0.94206095","0.16791138","0.9575179","79.90033","92.07717"
"90.0","11.614","-0.059549972","0.90496427","0.17669745","0.9239743","78.97506","93.76485"
"91.0","11.614","-0.029286869","0.95475197","0.11519502","0.9621221","83.123474","91.75699"
"92.0","11.647","0.0039049159","0.96451426","0.052716363","0.9659617","86.87159","89.768036"
"93.0","11.650001","-0.020500809","0.9459658","0.07516963","0.94916916","85.457695","91.24151"
"94.0","11.679001","-0.05759751","0.9449896","0.03807293","0.9475085","87.69711","93.487885"
"95.0","11.691001","-0.10640897","0.93522733","-0.13960074","0.9515574","98.43618","96.49113"
"96.0","11.712001","0.08005078","0.91570276","0.09664667","0.924262","83.99782","85.0039"
"97.0","11.774","-0.07614586","0.8834872","0.23917611","0.9184515","74.90547","94.926025"
"98.0","11.774","0.01854835","0.9098454","-0.03904916","0.91087186","92.45703","88.832115"
"99.0","11.774","0.073217176","0.95377576","-0.04002539","0.957419","92.39598","85.61027"
"100.0","11.791","0.027334413","0.9859913","0.06345488","0.98840904","86.31914","88.41201"
"101.0","11.811001","-0.0039049159","1.0201592","0.07516963","1.0229324","85.78585","90.219315"
"102.0","11.843","0.014643434","1.0035634","0.08786061","1.0075086","84.99712","89.16403"
"103.0","11.851001","0.0302631","0.9518233","0.07809832","0.9555013","85.311676","88.1789"
"104.0","11.876","0.05662128","0.91375035","0.059549972","0.9174377","86.27837","86.454155"
"105.0","11.892","0.043930303","0.86884385","0.031239327","0.87051445","87.943436","87.105484"
"106.0","11.911","0.03904916","0.87860614","0.017572122","0.879649","88.85537","87.45519"
"107.0","11.931001","0.035144243","0.9088692","0.023429496","0.9098502","88.524414","87.78558"
"108.0","11.951","0.02831064","0.86982006","0.00976229","0.8703354","89.357315","88.13581"
"109.0","11.9800005","0.012690976","0.8747012","0.0078098318","0.8748281","89.488495","89.168755"
"110.0","11.992001","0.0156196635","0.89813066","-0.00976229","0.8983195","90.62266","89.003654"
"111.0","12.015","0.034168016","0.90496427","-0.026358182","0.90599257","91.66715","87.83775"
"112.0","12.031","0.05759751","0.9127741","-0.026358182","0.91496927","91.65079","86.38933"
"113.0","12.05","0.026358182","0.93620354","0.016595893","0.93672156","88.98484","88.3873"
"114.0","12.071","0.04490653","0.9859913","0.01952458","0.9872065","88.86675","87.39229"
"115.0","12.092001","0.09274176","1.0211354","-0.027334413","1.0257026","91.527084","84.81051"
"116.0","12.122001","0.093717985","1.0592085","-0.032215554","1.0638344","91.73532","84.94368"
"117.0","12.1310005","0.07614586","1.0504224","0.004881145","1.0531901","89.73445","85.85384"
"118.0","12.157001","0.08590815","1.0504224","0.010738519","1.0539843","89.41623","85.32451"
"119.0","12.1710005","0.090789296","1.0318741","-0.002928687","1.0358646","90.161995","84.97179"
"120.0","12.194","0.10933765","1.0035634","-0.03904916","1.0102569","92.21519","83.78218"
"121.0","12.211","0.1181237","0.9928249","-0.059549972","1.0015991","93.40852","83.215"
"122.0","12.2300005","0.11226633","0.9772052","-0.046858992","0.9847484","92.72743","83.4463"
"123.0","12.251","0.09176553","0.9586569","-0.026358182","0.9633995","91.56778","84.532135"
"124.0","12.27","0.07614586","0.93327487","-0.0302631","0.93686503","91.85112","85.33557"
"125.0","12.304001","0.077122085","0.91570276","-0.055645052","0.9206279","93.46521","85.185814"
"126.0","12.311001","0.07224095","0.9108216","-0.07809832","0.9170137","94.88557","85.46513"
"127.0","12.341001","0.088836834","0.92156017","-0.0605262","0.92780846","93.74039","84.4938"
"128.0","12.351001","0.07809832","0.8991069","-0.023429496","0.9027965","91.487114","85.03563"
"129.0","12.378","0.084931925","0.9059405","-0.002928687","0.90991765","90.18442","84.64417"
"130.0","12.415001","0.099575356","0.93620354","-0.02831064","0.9419097","91.72238","83.9288"
"131.0","12.431001","0.12983845","0.9693954","-0.08590815","0.98181754","95.019745","82.371346"
"132.0","12.452001","0.1415532","0.9791577","-0.09859913","0.99423784","95.69141","81.77395"
"133.0","12.472","0.14057697","0.98111016","-0.090789296","0.9952797","95.23379","81.845955"
"134.0","12.491","0.119099945","0.9938011","-0.0605262","1.0027406","93.46052","83.16611"
"135.0","12.529","0.119099945","0.98892","-0.045882765","0.9971222","92.637405","83.13269"
"136.0","12.531","0.119099945","0.98208636","-0.05662128","0.99090075","93.275734","83.08537"
"137.0","12.567","0.13081467","0.9772052","-0.084931925","0.9895736","94.92357","82.37537"
"138.0","12.570001","0.13471961","0.98892","-0.0741934","1.000808","94.251434","82.24241"
"139.0","12.6050005","0.14057697","0.9967298","-0.071264714","1.0091139","94.04966","81.97205"
"140.0","12.611001","0.1444819","0.9938011","-0.08005078","1.0074342","94.55753","81.72812"
"141.0","12.645","0.13569583","0.9684192","-0.071264714","0.9804732","94.16816","82.02359"
"142.0","12.651001","0.13667206","0.9518233","-0.058573738","0.96336794","93.485794","81.828766"
"143.0","12.682","0.12593354","0.93327487","-0.046858992","0.94289815","92.84859","82.31509"
"144.0","12.691001","0.12398108","0.9313224","-0.05662128","0.9412432","93.44876","82.41716"
"145.0","12.719001","0.12007617","0.9449896","-0.06443111","0.95476437","93.86948","82.75845"
"146.0","12.731001","0.1415532","0.93522733","-0.06638357","0.94820577","94.01454","81.39321"
"147.0","12.758","0.15326795","0.9176552","-0.059549972","0.9322706","93.66234","80.517914"
"148.0","12.771001","0.21379416","0.92448884","-0.093717985","0.9535044","95.640594","76.978874"
"149.0","12.797001","0.20793676","0.9469421","-0.084931925","0.97321653","95.00653","77.61512"
"150.0","12.81","0.1552204","0.9772052","-0.042954076","0.99038804","92.485756","80.97447"
"151.0","12.834001","0.12398108","0.9830626","-0.034168016","0.9914388","91.974976","82.811966"
"152.0","12.851001","0.11226633","0.96451426","-0.045882765","0.97210944","92.70532","83.36083"
"153.0","12.873","0.1210524","0.9586569","-0.04783522","0.9674528","92.834114","82.803185"
"154.0","12.891001","0.14643435","0.9459658","-0.071264714","0.9598818","94.257744","81.20052"
"155.0","12.912001","0.15033926","0.9508471","-0.061502427","0.96462154","93.65555","81.01529"
"156.0","12.931001","0.15424417","0.98794377","-0.08102701","1.0031897","94.63279","81.12625"
"157.0","12.950001","0.18255483","0.98794377","-0.09567044","1.0092136","95.43964","79.53082"
"158.0","12.97","0.19426957","0.98403883","-0.10152781","1.0081573","95.77985","78.83224"
"159.0","12.990001","0.19134088","0.9684192","-0.0976229","0.9919563","95.64788","78.82342"
"160.0","13.011001","0.18353106","0.9791577","-0.111290105","1.0024066","96.37428","79.38379"
"161.0","13.031001","0.1786499","0.9615856","-0.10836142","0.9840248","96.322266","79.4752"
"162.0","13.052001","0.16498269","0.9391323","-0.0741934","0.95639604","94.44925","80.036194"
"163.0","13.073001","0.1513155","0.91375035","-0.03904916","0.9270173","92.41421","80.597244"
"164.0","13.091001","0.16595893","0.91863143","-0.024405725","0.933821","91.49761","79.75947"
"165.0","13.111001","0.17962612","0.91375035","-0.046858992","0.9324168","92.88064","78.87854"
"166.0","13.1310005","0.20305562","0.9283937","-0.08102701","0.95378816","94.873314","77.66271"
"167.0","13.152","0.22453266","0.938156","-0.09859913","0.969677","95.83606","76.54035"
"168.0","13.1710005","0.19915071","0.94206095","-0.067359805","0.9652343","94.00169","78.06348"
"169.0","13.201","0.16986385","0.9401085","-0.041001618","0.9562107","92.45756","79.757996"
"170.0","13.235001","0.18157859","0.97427654","-0.054668825","0.99255943","93.15737","79.44275"
"171.0","13.243001","0.16693515","0.99184865","-0.0605262","1.0076183","93.44375","80.44625"
"172.0","13.276001","0.19231711","0.98013395","-0.07224095","1.0014325","94.13677","78.898735"
"173.0","13.281001","0.18255483","0.93522733","-0.05759751","0.95461714","93.45908","78.95484"
"174.0","13.317","0.18450728","0.91472656","-0.041001618","0.93404967","92.5159","78.59602"
"175.0","13.320001","0.20012695","0.9117979","-0.034168016","0.9341272","92.0962","77.620674"
"176.0","13.359","0.20696054","0.9117979","-0.0302631","0.9354806","91.85386","77.21165"
"177.0","13.361001","0.18938842","0.9313224","-0.05662128","0.952069","93.4095","78.505394"
"178.0","13.401001","0.1786499","0.9371798","-0.04002539","0.95489466","92.40231","79.20747"
"179.0","13.401001","0.21281794","0.9479183","-0.04490653","0.9725519","92.646515","77.3463"
"180.0","13.420001","0.20305562","0.9518233","-0.052716363","0.97466826","93.10044","77.95743"
"181.0","13.442","0.208913","0.9518233","-0.03807293","0.97522396","92.237404","77.62061"
"182.0","13.460001","0.23331872","0.9479183","-0.0302631","0.9766794","91.775635","76.1722"
"183.0","13.483001","0.2626056","0.9459658","-0.020500809","0.9819538","91.19628","74.48504"
"184.0","13.501","0.25870067","0.9410847","-0.011714748","0.9760654","90.68768","74.62927"
"185.0","13.524","0.24405725","0.90398806","-0.021477038","0.9366","91.31396","74.89158"
"186.0","13.540001","0.22258021","0.90398806","-0.022453265","0.9312575","91.38158","76.16776"
"187.0","13.564001","0.2186753","0.9117979","-0.027334413","0.93805194","91.66981","76.51355"
"188.0","13.581","0.2020794","0.916679","-0.043930303","0.93971616","92.67947","77.56814"
"189.0","13.6","0.20110317","0.92937","-0.04783522","0.95208156","92.87991","77.79021"
"190.0","13.620001","0.20793676","0.9313224","-0.03904916","0.95505184","92.3433","77.41397"
"191.0","13.642","0.20793676","0.9342511","-0.046858992","0.9582581","92.802895","77.45218"
"192.0","13.683001","0.21477039","0.93229866","-0.04783522","0.95791197","92.862366","77.02729"
"193.0","13.683001","0.22258021","0.93620354","-0.0370967","0.9630136","92.207664","76.62635"
"194.0","13.700001","0.22355644","0.93620354","-0.033191785","0.9630972","91.975006","76.56982"
"195.0","13.72","0.21379416","0.9274175","-0.027334413","0.9521336","91.6451","77.0186"
"196.0","13.759001","0.22062775","0.94303715","-0.032215554","0.9690374","91.90514","76.83223"
"197.0","13.76","0.23429495","0.94303715","-0.031239327","0.9722084","91.84136","76.04752"
"198.0","13.8","0.22843759","0.9225364","-0.029286869","0.95084953","91.76503","76.092224"
"199.0","13.8","0.22746135","0.9205839","-0.043930303","0.9492856","92.652435","76.121124"
"200.0","13.842001","0.2323425","0.93522733","-0.055645052","0.9652614","93.3048","76.04822"
"201.0","13.842001","0.23527117","0.9488945","-0.06931226","0.9800803","94.0554","76.07477"
"202.0","13.860001","0.24015234","0.95670444","-0.07809832","0.9894725","94.52702","75.908745"
"203.0","13.884001","0.24112856","0.95670444","-0.084931925","0.9902726","94.92009","75.85376"
"204.0","13.901001","0.2294138","0.9518233","-0.08297946","0.9825904","94.84438","76.448715"
"205.0","13.926001","0.2294138","0.9459658","-0.077122085","0.97643733","94.53012","76.36793"
"206.0","13.940001","0.22648512","0.93522733","-0.07028849","0.96482444","94.17776","76.386696"
"207.0","13.968","0.22355644","0.9264413","-0.058573738","0.9548308","93.517","76.4335"
"208.0","13.981001","0.2186753","0.9313224","-0.0605262","0.9585634","93.62022","76.78626"
"209.0","14.011001","0.22453266","0.9449896","-0.06443111","0.9734329","93.79516","76.63418"
"210.0","14.02","0.22258021","0.94206095","-0.065407336","0.9702056","93.86558","76.70654"
"211.0","14.054001","0.20598431","0.9313224","-0.06931226","0.9563447","94.15623","77.528435"
"212.0","14.06","0.21379416","0.9342511","-0.061502427","0.9603727","93.671745","77.11037"
"213.0","14.093","0.20110317","0.93229866","-0.06638357","0.95604914","93.98155","77.827415"
"214.0","14.1","0.19329333","0.938156","-0.084931925","0.9616197","95.06706","78.357956"
"215.0","14.135","0.21574661","0.94206095","-0.088836834","0.9705243","95.251915","77.100815"
"216.0","14.14","0.20793676","0.93327487","-0.090789296","0.9604595","95.424095","77.43947"
"217.0","14.182001","0.20305562","0.92937","-0.090789296","0.9556165","95.45167","77.67527"
"218.0","14.182001","0.20988922","0.9391323","-0.090789296","0.9665742","95.38968","77.40184"
"219.0","14.201","0.21477039","0.9401085","-0.08981306","0.9685023","95.32091","77.13146"
"220.0","14.225","0.19817449","0.92546505","-0.093717985","0.951074","95.65505","77.9135"
"221.0","14.241001","0.19719826","0.92156017","-0.0976229","0.9474653","95.91402","77.92182"
"222.0","14.27","0.20403185","0.9401085","-0.10348027","0.96754384","96.13961","77.75499"
"223.0","14.281001","0.19719826","0.93327487","-0.090789296","0.95819193","95.436966","78.06906"
"224.0","14.315001","0.1952458","0.9313224","-0.09469421","0.9562684","95.683014","78.159775"
"225.0","14.320001","0.19134088","0.9274175","-0.10055158","0.95227367","96.06122","78.342545"
"226.0","14.360001","0.18157859","0.91863143","-0.09859913","0.9415818","96.01083","78.818924"
"227.0","14.360001","0.18841219","0.91863143","-0.107385196","0.94388264","96.53267","78.409325"
"228.0","14.380001","0.19134088","0.90789294","-0.107385196","0.93403023","96.601875","78.09892"
"229.0","14.406001","0.19036464","0.9205839","-0.107385196","0.94617385","96.51678","78.31666"
"230.0","14.4210005","0.20305562","0.9342511","-0.114218794","0.96286166","96.81271","77.73771"
"231.0","14.449","0.20500809","0.9342511","-0.13374338","0.965785","97.959984","77.62342"
"232.0","14.461","0.20793676","0.9274175","-0.1444819","0.9613615","98.64367","77.36268"
"233.0","14.490001","0.21574661","0.9108216","-0.14741059","0.9475613","98.94976","76.673935"
"234.0","14.501","0.21574661","0.91375035","-0.15229172","0.9511462","99.21351","76.71513"
"235.0","14.535001","0.22062775","0.91863143","-0.14252943","0.9554449","98.57918","76.495056"
"236.0","14.542001","0.23429495","0.9303462","-0.1444819","0.970213","98.56421","75.86478"
"237.0","14.580001","0.22160399","0.9449896","-0.1581491","0.983425","99.25418","76.802376"
"238.0","14.580001","0.21281794","0.9606094","-0.14643435","0.9947386","98.46521","77.50819"
"239.0","14.627001","0.19915071","0.9488945","-0.14350566","0.98013043","98.41922","78.146996"
"240.0","14.627001","0.19231711","0.9488945","-0.15619664","0.98070586","99.164505","78.54278"
"241.0","14.64","0.18938842","0.9391323","-0.1552204","0.9705312","99.20303","78.598465"
"242.0","14.6710005","0.19036464","0.92937","-0.16498269","0.9629053","99.86565","78.42412"
"243.0","14.68","0.19231711","0.9283937","-0.16791138","0.9628577","100.043076","78.296684"
"244.0","14.719001","0.1786499","0.916679","-0.16205402","0.9478806","99.84391","78.97196"
"245.0","14.72","0.1786499","0.92937","-0.16791138","0.96116525","100.06094","79.118935"
"246.0","14.766001","0.18645974","0.9391323","-0.16693515","0.9719074","99.89018","78.77026"
"247.0","14.766001","0.18841219","0.94303715","-0.16498269","0.9757241","99.734764","78.70148"
"248.0","14.781001","0.19915071","0.9479183","-0.15229172","0.9805115","98.93528","78.13513"
"249.0","14.813001","0.20403185","0.9274175","-0.14643435","0.9608201","98.76636","77.59258"
"250.0","14.821001","0.21477039","0.9235126","-0.13667206","0.9579567","98.2024","76.908104"
"251.0","14.861001","0.20988922","0.9264413","-0.13374338","0.9592884","98.01425","77.234886"
"252.0","14.861001","0.20500809","0.93620354","-0.1210524","0.9660016","97.19882","77.64844"
"253.0","14.904","0.19817449","0.9391323","-0.15229172","0.97182065","99.01585","78.08433"
"254.0","14.904","0.20110317","0.9469421","-0.16400647","0.98185533","99.61561","78.01016"
"255.0","14.9210005","0.19915071","0.9401085","-0.18353106","0.97833973","100.81243","78.0394"
"256.0","14.946001","0.19329333","0.93229866","-0.20403185","0.9737413","102.09504","78.28683"
"257.0","14.961","0.17767367","0.9225364","-0.21184167","0.9630775","102.70688","79.09873"
"258.0","14.987","0.18450728","0.9235126","-0.22355644","0.96793383","103.353745","78.70171"
"259.0","15.001","0.19036464","0.92448884","-0.23722363","0.9732386","104.10777","78.36466"
"260.0","15.034","0.18645974","0.9196077","-0.25089085","0.97128356","104.96972","78.53809"
"261.0","15.041","0.18353106","0.90789294","-0.25381953","0.96040493","105.3244","78.57164"
"262.0","15.076001","0.16693515","0.9059405","-0.23331872","0.95028055","104.21293","79.55938"
"263.0","15.081","0.1718163","0.9205839","-0.20598431","0.9588666","102.40501","79.42804"
"264.0","15.120001","0.16400647","0.916679","-0.19622204","0.95168364","101.89883","79.85632"
"265.0","15.120001","0.17669745","0.92156017","-0.21086545","0.96174806","102.66512","79.145996"
"266.0","15.1640005","0.1786499","0.91375035","-0.21086545","0.9546307","102.76113","78.937485"
"267.0","15.1640005","0.1718163","0.90398806","-0.21477039","0.94490296","103.13779","79.23845"
"268.0","15.181001","0.17376876","0.89715445","-0.21184167","0.93806106","103.05165","79.038185"
"269.0","15.208001","0.14350566","0.895202","-0.19915071","0.92824644","102.38884","80.89266"
"270.0","15.221001","0.16498269","0.9127741","-0.19329333","0.94749045","101.77129","79.754486"
"271.0","15.251","0.16400647","0.92937","-0.20598431","0.96594834","102.31262","79.99202"
"272.0","15.261001","0.16986385","0.9498709","-0.21477039","0.98855186","102.54801","79.86106"
"273.0","15.295001","0.16303024","0.94206095","-0.22648512","0.98252386","103.32731","80.18181"
"274.0","15.301001","0.16107778","0.9264413","-0.23039004","0.96815246","103.766685","80.13674"
"275.0","15.340001","0.1483868","0.8922733","-0.21379416","0.9294505","103.29837","80.55801"
"276.0","15.340001","0.15229172","0.9205839","-0.22746135","0.9604198","103.69984","80.60666"
"277.0","15.385001","0.15229172","0.9371798","-0.2596769","0.9843429","105.2961","80.77011"
"278.0","15.385001","0.15424417","0.9469421","-0.24991462","0.99143726","104.60022","80.748535"
"279.0","15.401001","0.13569583","0.9313224","-0.24600971","0.97277725","104.64884","81.710205"
"280.0","15.43","0.1415532","0.916679","-0.26162934","0.9637363","105.752","81.22175"
"281.0","15.442","0.13179092","0.90398806","-0.26748675","0.9518994","106.32008","81.705376"
"282.0","15.475","0.13960074","0.9030118","-0.25479576","0.94859874","105.58111","81.21195"
"283.0","15.481001","0.13374338","0.93229866","-0.2489384","0.97418606","104.805275","81.8363"
"284.0","15.524001","0.12593354","0.9371798","-0.25479576","0.9793294","105.08037","82.346725"
"285.0","15.524001","0.13667206","0.92546505","-0.255772","0.9698372","105.291306","81.59932"
"286.0","15.575001","0.14545812","0.9088692","-0.27139166","0.9596117","106.42823","80.907326"
"287.0","15.575001","0.13862452","0.89813066","-0.27041543","0.9481455","106.571075","81.22576"
"288.0","15.581","0.13276714","0.89715445","-0.27139166","0.9466608","106.659485","81.58207"
"289.0","15.624001","0.11617125","0.8815348","-0.25381953","0.9246749","105.93198","82.49265"
"290.0","15.624001","0.11617125","0.89813066","-0.26455808","0.9434646","106.28475","82.62984"
"291.0","15.643001","0.11617125","0.9010593","-0.24991462","0.9422637","105.38049","82.65353"
"292.0","15.674001","0.10836142","0.9117979","-0.2489384","0.95136106","105.168915","83.22255"
"293.0","15.681001","0.11519502","0.9283937","-0.22062775","0.9611771","103.26994","82.926895"
"294.0","15.722001","0.13081467","0.93229866","-0.22062775","0.96693844","103.18944","82.01274"
"295.0","15.722001","0.13569583","0.92448884","-0.22258021","0.96053886","103.39861","81.64979"
"296.0","15.740001","0.13276714","0.9303462","-0.22258021","0.9657707","103.324684","81.87831"
"297.0","15.766001","0.1444819","0.9283937","-0.21281794","0.9633698","102.76248","81.15427"
"298.0","15.780001","0.13471961","0.916679","-0.21184167","0.950435","102.878784","81.63938"
"299.0","15.811001","0.12495731","0.9205839","-0.20110317","0.95054275","102.21418","82.27009"
"300.0","15.821001","0.12398108","0.9401085","-0.20988922","0.97119963","102.48085","82.48721"
"301.0","15.857","0.13960074","0.9606094","-0.20598431","0.99231464","101.98055","81.73137"
"302.0","15.861001","0.14741059","0.9576807","-0.20403185","0.9902077","101.890945","81.24945"
"303.0","15.910001","0.1415532","0.9371798","-0.20793676","0.9703509","102.37389","81.41087"
"304.0","15.910001","0.13569583","0.92448884","-0.21672285","0.95919853","103.05825","81.64979"
"305.0","15.9210005","0.12398108","0.9401085","-0.2255089","0.9746946","103.377365","82.48721"
"306.0","15.961","0.12495731","0.9596331","-0.22746135","0.994107","103.227005","82.581055"
"307.0","15.961","0.11617125","0.95475197","-0.22843759","0.9885498","103.36087","83.06253"
"308.0","15.981001","0.11519502","0.9342511","-0.2255089","0.96796143","103.47217","82.970795"
"309.0","16.013","0.12007617","0.90398806","-0.22355644","0.93893033","103.77425","82.43373"
"310.0","16.021","0.10348027","0.9059405","-0.2255089","0.9393032","103.89133","83.48368"
"311.0","16.066","0.102504045","0.9196077","-0.22843759","0.95308405","103.867805","83.639786"
"312.0","16.067001","0.11031388","0.9235126","-0.2255089","0.95702606","103.62906","83.18828"
"313.0","16.081001","0.10543273","0.9176552","-0.21965154","0.94944936","103.37634","83.445816"
"314.0","16.12","0.093717985","0.916679","-0.2255089","0.9486505","103.75175","84.16257"
"315.0","16.12","0.1044565","0.9108216","-0.22453266","0.9438867","103.761505","83.45769"
"316.0","16.176","0.107385196","0.9127741","-0.22843759","0.94703317","103.9582","83.29016"
"317.0","16.176","0.10543273","0.9440134","-0.24308102","0.98049265","104.3543","83.6273"
"318.0","16.182001","0.10055158","0.9488945","-0.24112856","0.9842024","104.18177","83.9511"
"319.0","16.228","0.09274176","0.9098454","-0.2362474","0.9445806","104.48392","84.17986"
"320.0","16.229","0.08395569","0.88641596","-0.23527117","0.92094207","104.801315","84.58945"
"321.0","16.243","0.09274176","0.882511","-0.2323425","0.9172839","104.672516","84.00089"
"322.0","16.281","0.08395569","0.8834872","-0.22160399","0.91471666","104.02027","84.57162"
"323.0","16.281","0.08590815","0.8854397","-0.2186753","0.91608","103.81028","84.45833"
"324.0","16.301","0.084931925","0.90496427","-0.2186753","0.9348757","103.52728","84.63843"
"325.0","16.332","0.09859913","0.916679","-0.23136626","0.95055383","104.08739","83.8608"
"326.0","16.34","0.111290105","0.9391323","-0.24015234","0.9757193","104.248535","83.24179"
"327.0","16.376001","0.127886","0.9576807","-0.2626056","1.0012337","105.20551","82.39388"
"328.0","16.380001","0.13764828","0.9576807","-0.26455808","1.0030406","105.29305","81.82085"
"329.0","16.426","0.13471961","0.9410847","-0.25772443","0.9849932","105.168045","81.85326"
"330.0","16.426","0.12886222","0.9440134","-0.25381953","0.98599756","104.917274","82.226906"
"331.0","16.441","0.13081467","0.94206095","-0.24503349","0.9821572","104.44704","82.09446"
"332.0","16.475","0.13179092","0.9391323","-0.2421048","0.97875077","104.3214","82.011696"
"333.0","16.481","0.119099945","0.9264413","-0.23429495","0.9630018","104.081184","82.67444"
"334.0","16.53","0.114218794","0.92546505","-0.23917611","0.96267164","104.38583","82.964264"
"335.0","16.53","0.10933765","0.93327487","-0.24015234","0.96986073","104.33644","83.317986"
"336.0","16.541","0.111290105","0.938156","-0.24405725","0.975749","104.48479","83.23482"
"337.0","16.584002","0.11519502","0.93229866","-0.23429495","0.9681657","104.00454","82.95622"
"338.0","16.585001","0.10933765","0.9176552","-0.23039004","0.9524313","103.99851","83.2053"
"339.0","16.601002","0.11031388","0.91863143","-0.24015234","0.9558901","104.55056","83.15243"
"340.0","16.637001","0.107385196","0.938156","-0.24405725","0.97531134","104.49143","83.47011"
"341.0","16.640001","0.10152781","0.9342511","-0.24698594","0.97166616","104.72548","83.79784"
"342.0","16.695002","0.09664667","0.93522733","-0.25284332","0.97361207","105.05203","84.09998"
"343.0","16.695002","0.099575356","0.9342511","-0.24503349","0.9709695","104.61719","83.91621"
"344.0","16.701","0.09859913","0.9342511","-0.2362474","0.96868974","104.11586","83.97541"
"345.0","16.749","0.107385196","0.9205839","-0.22648512","0.9540974","103.73205","83.34657"
"346.0","16.749","0.10933765","0.9176552","-0.22062775","0.9501171","103.427284","83.2053"
"347.0","16.761002","0.12398108","0.9176552","-0.21769907","0.9512389","103.22987","82.305565"
"348.0","16.805","0.13471961","0.9108216","-0.2255089","0.947945","103.762184","81.58639"
"349.0","16.805","0.1181237","0.9205839","-0.22453266","0.9549046","103.599655","82.68811"
"350.0","16.821001","0.1044565","0.9235126","-0.22062775","0.9552294","103.35409","83.54682"
"351.0","16.862001","0.111290105","0.9274175","-0.2255089","0.9609074","103.57295","83.15723"
"352.0","16.863","0.107385196","0.9303462","-0.24015234","0.96682405","104.38244","83.41577"
"353.0","16.880001","0.10836142","0.92448884","-0.2518671","0.9642919","105.140915","83.314735"
"354.0","16.917002","0.11031388","0.9196077","-0.24991462","0.9593252","105.10037","83.15962"
"355.0","16.921001","0.10348027","0.916679","-0.23722363","0.9525144","104.421295","83.55937"
"356.0","16.977001","0.09469421","0.91863143","-0.2294138","0.9515679","103.950905","84.11463"
"357.0","16.977001","0.08590815","0.92156017","-0.2255089","0.95263195","103.693146","84.67426"
"358.0","16.980001","0.08005078","0.9283937","-0.22746135","0.9591985","103.71762","85.07186"
"359.0","17.033","0.08395569","0.9225364","-0.22648512","0.9536338","103.73885","84.8001"
"360.0","17.033","0.08590815","0.9235126","-0.23819989","0.9575985","104.40339","84.685455"
"361.0","17.04","0.08395569","0.9313224","-0.23722363","0.9647202","104.23496","84.84889"
"362.0","17.09","0.08786061","0.92937","-0.23527117","0.96270484","104.14552","84.599434"
"363.0","17.09","0.08688438","0.9303462","-0.23527117","0.96355873","104.13273","84.664665"
"364.0","17.101002","0.084931925","0.9283937","-0.2362474","0.9617386","104.220024","84.77298"
"365.0","17.141","0.08590815","0.93229866","-0.2294138","0.9639459","103.7682","84.73525"
"366.0","17.141","0.084931925","0.9225364","-0.2294138","0.95442","103.90837","84.739975"
"367.0","17.192001","0.08981306","0.92546505","-0.2186753","0.955181","103.234436","84.45701"
"368.0","17.192001","0.088836834","0.9264413","-0.21769907","0.955813","103.16542","84.52263"
"369.0","17.201","0.08395569","0.92156017","-0.22453266","0.9522272","103.63863","84.794624"
"370.0","17.242","0.08395569","0.92546505","-0.2294138","0.957165","103.86768","84.81647"
"371.0","17.242","0.09567044","0.93229866","-0.22355644","0.96348906","103.4165","84.140945"
"372.0","17.294","0.08981306","0.9264413","-0.21574661","0.95546144","103.05013","84.462814"
"373.0","17.294","0.08786061","0.9283937","-0.2255089","0.959421","103.59438","84.59379"
"374.0","17.302","0.10152781","0.92546505","-0.23429495","0.96004564","104.12544","83.739426"
"375.0","17.346","0.10055158","0.92448884","-0.24600971","0.9619309","104.81778","83.792656"
"376.0","17.346","0.10836142","0.92448884","-0.24112856","0.9615429","104.52323","83.314735"
"377.0","17.361","0.114218794","0.9205839","-0.23527117","0.9570126","104.23143","82.92734"
"378.0","17.397001","0.10933765","0.9225364","-0.22648512","0.9562027","103.701225","83.24092"
"379.0","17.401001","0.10640897","0.92156017","-0.2255089","0.95469904","103.662926","83.413445"
"380.0","17.449001","0.1044565","0.9283937","-0.23331872","0.96294534","104.02215","83.58047"
"381.0","17.449001","0.093717985","0.92937","-0.23429495","0.9630191","104.080925","84.24174"
"382.0","17.462","0.09664667","0.92937","-0.2323425","0.9628355","103.96391","84.06306"
"383.0","17.501001","0.09859913","0.9313224","-0.23039004","0.96444947","103.82059","83.956604"
"384.0","17.501001","0.0976229","0.9225364","-0.2255089","0.95470303","103.662865","83.959435"
"385.0","17.556002","0.099575356","0.92448884","-0.2362474","0.95937884","104.25574","83.852455"
"386.0","17.556002","0.10933765","0.93229866","-0.2518671","0.9718912","105.01972","83.31105"
"387.0","17.563002","0.107385196","0.93229866","-0.2489384","0.9709185","104.85625","83.42944"
"388.0","17.612001","0.09567044","0.9235126","-0.24503349","0.9602446","104.78415","84.085594"
"389.0","17.613","0.08297946","0.9098454","-0.2255089","0.94104123","103.86516","84.78894"
"390.0","17.621","0.067359805","0.9117979","-0.22062775","0.94052607","103.56681","85.7749"
"391.0","17.662","0.073217176","0.91863143","-0.22062775","0.94758695","103.46381","85.443016"
"392.0","17.663","0.07614586","0.92448884","-0.21574661","0.95237833","103.09313","85.29144"
"393.0","17.68","0.07516963","0.9205839","-0.2255089","0.9507783","103.72037","85.33191"
"394.0","17.713001","0.084931925","0.8922733","-0.21281794","0.92122555","103.3569","84.56263"
"395.0","17.721","0.11226633","0.85127175","-0.19231711","0.8799166","102.62464","82.487144"
"396.0","17.765001","0.12983845","0.7770783","-0.16595893","0.8051404","101.89532","80.514336"
"397.0","17.765001","0.1444819","0.7175283","-0.15033926","0.7472107","101.60718","78.61513"
"398.0","17.781","0.13569583","0.7487676","-0.11324256","0.769344","98.46433","79.72803"
"399.0","17.816","0.15229172","0.83858067","-0.055645052","0.8541117","93.73544","79.706894"
"400.0","17.820002","0.18157859","0.99965847","-0.052716363","1.0173824","92.97015","79.705"
"401.0","17.867","0.174745","1.1568314","-0.05662128","1.1713244","92.77073","81.41013"
"402.0","17.867","0.17376876","1.2515256","-0.11324256","1.268596","95.12138","82.095276"
"403.0","17.881","0.16791138","1.1919756","-0.18938842","1.2185515","98.94121","81.98161"
"404.0","17.92","0.114218794","1.0631135","-0.25772443","1.0998536","103.5519","83.867775"
"405.0","17.92","0.102504045","0.9586569","-0.31239328","1.0134692","107.953285","83.89686"
"406.0","17.972","0.09567044","0.8766537","-0.37975308","0.9601494","113.29807","83.77188"
"407.0","17.973001","0.10152781","0.8268659","-0.34851375","0.90303767","112.70179","82.9999"
"408.0","17.981","0.1415532","0.7878168","-0.1952458","0.8239014","103.7082","79.81391"
"409.0","18.033","0.18060236","0.8151512","-0.1181237","0.84323305","98.05273","77.50752"
"410.0","18.033","0.15912533","0.8571291","-0.071264714","0.8746827","94.67335","79.48282"
"411.0","18.041","0.13374338","0.8932495","-0.05759751","0.90504116","93.64881","81.48454"
"412.0","18.104","0.12398108","0.92156017","-0.049787678","0.93119454","93.064865","82.33778"
"413.0","18.104","0.12398108","0.9401085","-0.08786061","0.9523102","95.29366","82.48721"
"414.0","18.104","0.13374338","0.9615856","-0.093717985","0.9753549","95.51383","82.08174"
"415.0","18.121","0.1552204","0.938156","-0.107385196","0.95695436","96.44305","80.60537"
"416.0","18.164001","0.15619664","0.9225364","-0.14057697","0.94616735","98.544365","80.39026"
"417.0","18.164001","0.12593354","0.9020356","-0.19329333","0.93106914","101.98196","82.052284"
"418.0","18.181002","0.08786061","0.92448884","-0.2186753","0.95405346","103.25036","84.57109"
"419.0","18.223001","0.07614586","0.9723241","-0.1718163","0.9903197","99.991135","85.52212"
"420.0","18.223001","0.08688438","1.0269929","-0.1210524","1.0377462","96.69877","85.164246"
"421.0","18.284","0.0976229","1.082638","-0.099575356","1.0915817","95.233864","84.847496"
"422.0","18.284","0.12202863","1.1499978","-0.114218794","1.1620809","95.6406","83.942894"
"423.0","18.284","0.14643435","1.2085714","-0.13081467","1.2244184","96.13309","83.09154"
"424.0","18.301","0.13569583","1.2993608","-0.13276714","1.313156","95.802826","84.038055"
"425.0","18.337002","0.1044565","1.4174845","-0.14252943","1.4284565","95.726425","85.78541"
"426.0","18.341002","0.07516963","1.5258459","-0.15619664","1.5356606","95.83782","87.17965"
"427.0","18.391","0.06345488","1.5736811","-0.15619664","1.5826863","95.66379","87.69094"
"428.0","18.391","0.06638357","1.4379853","-0.1415532","1.4464598","95.61606","87.35686"
"429.0","18.401001","0.041977845","1.1626887","-0.05759751","1.1648711","92.83417","87.93228"
"430.0","18.445002","-0.002928687","0.94206095","0.022453265","0.94233304","88.63467","90.17812"
"431.0","18.445002","-0.04490653","0.7663397","0.06638357","0.77051926","85.057594","93.35362"
"432.0","18.461","-0.09274176","0.68140787","0.093717985","0.6940467","82.23957","97.75051"
"433.0","18.497002","-0.14545812","0.76243484","0.13667206","0.788127","80.01364","100.801155"
"434.0","18.501001","-0.18450728","0.93620354","0.16107778","0.9677118","80.418396","101.14899"
"435.0","18.549002","-0.1415532","1.0279691","0.15619664","1.0493594","81.43974","97.84042"
"436.0","18.550001","-0.062478654","1.0172306","0.0976229","1.0238125","84.528404","93.51471"
"437.0","18.561","-0.012690976","0.97134787","0.00976229","0.97147983","89.42423","90.74854"
"438.0","18.611","-0.08005078","0.86298645","-0.03904916","0.8675705","92.57974","95.2996"
"439.0","18.611","-0.16205402","0.8005078","-0.050763905","0.8183222","93.55658","101.444244"
"440.0","18.621","-0.18548352","0.7507201","-0.054668825","0.7752248","94.04385","103.87836"
"441.0","18.672","-0.18060236","0.69898","-0.053692598","0.7239289","94.25344","104.487236"
"442.0","18.672","-0.16595893","0.6462636","-0.03807293","0.6683177","93.26581","104.402214"
"443.0","18.681002","-0.13960074","0.6501685","-0.022453265","0.66536576","91.93385","102.118256"
"444.0","18.735","-0.0741934","0.65895456","-0.01952458","0.6634056","91.68651","96.42403"
"445.0","18.735","-0.0741934","0.686289","-0.0156196635","0.6904645","91.29626","96.17017"
"446.0","18.740002","-0.065407336","0.74486274","-0.031239327","0.74838126","92.392365","95.01834"
"447.0","18.796001","-0.043930303","0.82491344","-0.07614586","0.8295844","95.26647","93.04838"
"448.0","18.796001","-0.035144243","0.895202","-0.13276714","0.9056759","98.42963","92.24819"
"449.0","18.801","-0.027334413","0.9772052","-0.19426957","0.99670345","101.239586","91.602264"
"450.0","18.857","-0.026358182","1.0709232","-0.21769907","1.0931442","101.48723","91.40991"
"451.0","18.857","-0.010738519","1.1568314","-0.21965154","1.1775486","100.75052","90.531845"
"452.0","18.86","0.0078098318","1.2017379","-0.21379416","1.2206322","100.08741","89.627655"
"453.0","18.918001","0.027334413","1.1441404","-0.2362474","1.1685963","101.6635","88.63142"
"454.0","18.918001","0.043930303","1.104115","-0.29482117","1.143643","104.93904","87.72153"
"455.0","18.92","-0.0019524579","1.1646413","-0.3533949","1.2170789","106.8797","90.096054"
"456.0","18.978","-0.022453265","1.3306","-0.36413342","1.3797078","105.302826","90.96675"
"457.0","18.978","-0.0039049159","1.4418901","-0.29189247","1.4711437","101.44411","90.15517"
"458.0","18.980001","0.042954076","1.2505494","-0.21769907","1.2700833","99.86954","88.03277"
"459.0","19.039001","0.03904916","0.95572823","-0.17669745","0.97270924","100.46617","87.66031"
"460.0","19.039001","0.022453265","0.7653635","-0.13862452","0.77814025","100.26193","88.31961"
"461.0","19.041","0.020500809","0.70093244","-0.090789296","0.707085","97.37711","88.3247"
"462.0","19.091002","-0.01952458","0.8346757","-0.027334413","0.8353514","91.87517","91.34001"
"463.0","19.091002","-0.033191785","1.04066","0.010738519","1.0412446","89.40909","91.82683"
"464.0","19.143002","0.012690976","1.0709232","0.034168016","1.0715433","88.172714","89.321045"
"465.0","19.143002","0.011714748","0.96353805","0.025381953","0.9639435","88.49115","89.30343"
"466.0","19.151001","0.06443111","0.9059405","0.01854835","0.9084181","88.83004","85.93194"
"467.0","19.195002","0.12983845","0.89715445","0.0156196635","0.9066356","89.01285","81.76518"
"468.0","19.195002","0.1483868","0.8854397","0.0039049159","0.89779586","89.75079","80.486465"
"469.0","19.211","0.15033926","0.8659151","0.0019524579","0.87887126","89.87271","80.15055"
"470.0","19.247002","0.14643435","0.8190561","0.004881145","0.83205754","89.66388","79.86351"
"471.0","19.251001","0.14936304","0.7575537","-0.025381953","0.77255493","91.88277","78.846344"
"472.0","19.301","0.14936304","0.7136234","-0.05662128","0.7312822","94.440704","78.17851"
"473.0","19.301","0.13862452","0.6940988299999999","-0.08981306","0.71348184","97.231575","78.70557"
"474.0","19.311","0.10348027","0.66871685","-0.077122085","0.6810567","96.50205","81.20356"
"475.0","19.353","0.0741934","0.65993077","-0.07028849","0.6677977","96.04181","83.585396"
"476.0","19.353","0.050763905","0.69117016","-0.08005078","0.69763976","96.58893","85.79938"
"477.0","19.37","0.043930303","0.75364876","-0.07614586","0.75875854","95.75966","86.663994"
"478.0","19.411001","0.045882765","0.8288184","-0.071264714","0.8331409","94.90693","86.83138"
"479.0","19.412","0.042954076","0.9235126","-0.099575356","0.9298579","96.1474","87.337"
"480.0","19.472","0.01952458","1.0465174","-0.13374338","1.0552095","97.281586","88.931175"
"481.0","19.472","0.031239327","1.2124764","-0.15717287","1.2230201","97.38362","88.52411"
"482.0","19.472","0.065407336","1.3794116","-0.17084008","1.3914887","97.052284","87.28525"
"483.0","19.534","0.10836142","1.4721533","-0.20110317","1.4897717","97.757996","85.7902"
"484.0","19.534","0.099575356","1.4614148","-0.19231711","1.4773742","97.479706","86.102104"
"485.0","19.534","0.06443111","1.4916779","-0.16303024","1.5019431","96.23152","87.52672"
"486.0","19.551","0.07907455","1.4711771","-0.13374338","1.4793587","95.18698","86.92336"
"487.0","19.587002","0.04783522","1.381364","-0.16400647","1.3918883","96.76689","88.0167"
"488.0","19.59","-0.0156196635","1.185142","-0.2020794","1.2023485","99.67566","90.75509"
"489.0","19.641","-0.04783522","0.9518233","-0.15033926","0.96480966","98.964516","92.87706"
"490.0","19.641","-0.023429496","0.780007","-0.06443111","0.78301424","94.71998","91.720505"
"491.0","19.651001","-0.004881145","0.73607665","0.033191785","0.7368408","87.418175","90.37994"
"492.0","19.692001","-0.04490653","0.81319875","0.13374338","0.82534605","80.67437","93.16078"
"493.0","19.692001","-0.111290105","0.94303715","0.17669745","0.9658812","79.459","96.730484"
"494.0","19.710001","-0.127886","1.0308977","0.1718163","1.052913","80.60837","97.07159"
"495.0","19.752","-0.13764828","1.0260166","0.1444819","1.0452425","82.05467","97.64106"
"496.0","19.752","-0.15229172","0.95670444","0.07028849","0.97129637","85.85013","99.04466"
"497.0","19.77","-0.19036464","0.85224795","0.010738519","0.8733159","89.295456","102.59133"
"498.0","19.813002","-0.2294138","0.7878168","-0.055645052","0.8224247","93.879585","106.235664"
"499.0","19.813002","-0.25089085","0.74583894","-0.111290105","0.79473734","98.049805","108.59229"
"500.0","19.831001","-0.23819989","0.67555046","-0.12690976","0.72747076","100.04685","109.422714"
"501.0","19.876001","-0.22355644","0.5964759","-0.13764828","0.65169626","102.19359","110.54577"
"502.0","19.876001","-0.20403185","0.536926","-0.13667206","0.5904217","103.384346","110.80679"
"503.0","19.891","-0.18255483","0.5427833","-0.1044565","0.5821092","100.337425","108.589386"
"504.0","19.935001","-0.16693515","0.57988006","-0.073217176","0.60785604","96.91816","106.05998"
"505.0","19.935001","-0.13862452","0.592571","-0.05662128","0.61119807","95.31549","103.16684"
"506.0","19.951","-0.12495731","0.6374775","-0.049787678","0.6515142","94.38273","101.09041"
"507.0","19.995","-0.10543273","0.72826684","-0.06345488","0.73859","94.92856","98.2376"
"508.0","19.995","-0.084931925","0.8112463","-0.10152781","0.82197434","97.09512","95.9767"
"509.0","20.011002","-0.04490653","0.8766537","-0.1483868","0.89025664","99.594765","92.93241"
"510.0","20.056002","-0.004881145","0.95279956","-0.19134088","0.9718344","101.354935","90.29352"
"511.0","20.057001","0.025381953","1.0718994","-0.21769907","1.0940775","101.477295","88.643524"
"512.0","20.071001","0.013667206","1.1968567","-0.23917611","1.2205974","101.300224","89.34576"
"513.0","20.127","0.033191785","1.244692","-0.27920148","1.2760538","102.6386","88.47247"
"514.0","20.127","0.08786061","1.2056428","-0.35534734","1.2599865","106.38108","85.83197"
"515.0","20.131","0.123004854","1.154879","-0.43051702","1.2386366","110.33896","83.92041"
"516.0","20.183","0.023429496","1.2349297","-0.42954078","1.30771","109.17581","88.91309"
"517.0","20.183","-0.025381953","1.3735542","-0.37194324","1.4232488","105.14923","91.05865"
"518.0","20.19","-0.01952458","1.5746574","-0.24015234","1.5929848","98.67075","90.71039"
"519.0","20.235","0.09567044","1.5336558","-0.12398108","1.5416304","94.61282","86.43048"
"520.0","20.235","0.09274176","1.1246158","-0.11031388","1.1338125","95.583405","85.28575"
"521.0","20.251001","0.04881145","0.844438","-0.10543273","0.85239327","97.105125","86.69179"
"522.0","20.285002","0.053692598","0.7038611","-0.10055158","0.7130316","98.106865","85.63776"
"523.0","20.29","0.010738519","0.72045696","-0.061502427","0.72315705","94.87874","89.146065"
"524.0","20.336","-0.041977845","0.88055855","-0.010738519","0.881624","90.6979","92.72933"
"525.0","20.336","-0.010738519","1.0133257","0.045882765","1.0144207","87.4076","90.607155"
"526.0","20.351002","0.020500809","1.0055158","0.00976229","1.0057721","89.44386","88.83199"
"527.0","20.389002","0.06931226","0.9391323","-0.049787678","0.94300187","93.02645","85.77896"
"528.0","20.390001","0.050763905","0.8991069","-0.052716363","0.9020805","93.3502","86.76849"
"529.0","20.439001","0.006833603","0.98403883","-0.051740136","0.9854218","93.009735","89.60212"
"530.0","20.439001","-0.0156196635","1.0064921","-0.036120474","1.0072613","92.05507","90.8891"
"531.0","20.451","0.041977845","0.9664667","-0.006833603","0.9674021","90.40473","87.51296"
"532.0","20.494001","0.073217176","0.8912971","0.027334413","0.894717","88.24929","85.30388"
"533.0","20.494001","0.06638357","0.8122225","0.04490653","0.81616706","86.845924","85.32756"
"534.0","20.511002","0.11519502","0.7995315","0.06443111","0.8103529","85.439606","81.80135"
"535.0","20.545","0.18353106","0.8102701","0.03807293","0.8316675","87.37614","77.23751"
"536.0","20.551","0.2255089","0.77610207","0.0156196635","0.8083518","88.892815","73.79793"
"537.0","20.603","0.1552204","0.70093244","-0.016595893","0.7181052","91.324265","77.51345"
"538.0","20.603","0.11031388","0.65114474","-0.033191785","0.6612566","92.877174","80.38452"
"539.0","20.611","0.1415532","0.66090703","-0.041001618","0.67713845","93.47146","77.911026"
"540.0","20.667002","0.16595893","0.72045696","-0.071264714","0.7427511","95.50583","77.02807"
"541.0","20.667002","0.17279254","0.77903074","-0.09469421","0.80356276","96.76763","77.494"
"542.0","20.67","0.1552204","0.8258897","-0.11519502","0.8482082","97.80545","79.35581"
"543.0","20.727001","0.13569583","0.87274873","-0.14252943","0.89466107","99.16691","81.16236"
"544.0","20.727001","0.114218794","0.9264413","-0.14643435","0.94487166","98.91552","82.9716"
"545.0","20.731","0.08688438","0.99770606","-0.13374338","1.010373","97.60658","85.023"
"546.0","20.784","0.088836834","1.1099724","-0.1181237","1.1197696","96.05536","85.42407"
"547.0","20.784","0.1181237","1.2300485","-0.11031388","1.2406216","95.10138","84.51461"
"548.0","20.79","0.1444819","1.3559821","-0.11324256","1.3683517","94.74713","83.918"
"549.0","20.844002","0.17669745","1.4848443","-0.12593354","1.5006146","94.813995","83.21368"
"550.0","20.844002","0.21574661","1.581491","-0.15912533","1.6040515","95.69323","82.231674"
"551.0","20.851002","0.24796216","1.6556844","-0.17084008","1.6828434","95.82663","81.48245"
"552.0","20.904001","0.24112856","1.4955828","-0.19231711","1.5270549","97.23504","80.84118"
"553.0","20.904001","0.13374338","1.27886","-0.18157859","1.2985919","98.03785","84.0297"
"554.0","20.911001","0.08688438","1.0924002","-0.08005078","1.0987699","94.17798","85.45254"
"555.0","20.964","0.058573738","0.88641596","0.016595893","0.8885041","88.92974","86.21943"
"556.0","20.964","0.036120474","0.7614586","0.088836834","0.7674737","83.35298","87.28416"
"557.0","20.971","0.024405725","0.75364876","0.13862452","0.7666804","79.58298","88.14522"
"558.0","21.025002","0.011714748","0.78586435","0.15033926","0.8002012","79.1711","89.145966"
"559.0","21.025002","-0.013667206","0.80636513","0.15033926","0.82037395","79.440475","90.97102"
"560.0","21.031","-0.022453265","0.83077085","0.1210524","0.83984405","81.71271","91.54816"
"561.0","21.084002","-0.034168016","0.8463905","0.084931925","0.85132706","84.274414","92.31172"
"562.0","21.084002","-0.077122085","0.8542004","0.045882765","0.8589013","86.93778","95.159004"
"563.0","21.091002","-0.117147475","0.83174706","0.026358182","0.8403698","88.20262","98.01709"
"564.0","21.138","-0.16498269","0.7829357","0.0078098318","0.80016786","89.44077","101.89946"
"565.0","21.138","-0.20305562","0.7175283","0.005857374","0.7457297","89.549965","105.801155"
"566.0","21.151001","-0.24015234","0.6716455","0.013667206","0.7134197","88.9023","109.67493"
"567.0","21.19","-0.26455808","0.69117016","0.026358182","0.74054164","87.960236","110.94527"
"568.0","21.19","-0.22258021","0.7663397","0.026358182","0.7984443","88.108215","106.195724"
"569.0","21.243002","-0.16010156","0.84248555","0.011714748","0.85764307","89.21736","100.75989"
"570.0","21.243002","-0.119099945","0.8844635","-0.005857374","0.8924656","90.376045","97.6692"
"571.0","21.251001","-0.06638357","0.92448884","-0.04783522","0.9281027","92.954384","94.10712"
"572.0","21.310001","-0.023429496","0.98794377","-0.09859913","0.99312824","95.69779","91.358536"
"573.0","21.310001","-0.008786061","1.0025872","-0.19036464","1.0205376","100.750565","90.50209"
"574.0","21.310001","-0.016595893","0.9654905","-0.2596769","0.99993974","105.05182","90.984764"
"575.0","21.331001","-0.0078098318","0.9264413","-0.30458343","0.9752567","108.19856","90.48299"
"576.0","21.380001","0.032215554","0.8747012","-0.2889638","0.92175925","108.269775","87.89073"
"577.0","21.380001","0.0156196635","0.8346757","-0.19036464","0.85625124","102.84553","88.927925"
"578.0","21.391","-0.01952458","0.8346757","-0.111290105","0.84228873","97.59259","91.34001"
"579.0","21.439001","-0.035144243","0.9586569","-0.026358182","0.9596629","91.57389","92.09952"
"580.0","21.439001","0.041001618","1.0582323","-0.013667206","1.0591145","90.73939","87.781166"
"581.0","21.451","0.11617125","1.0611609","-0.17962612","1.0825081","99.55156","83.75239"
"582.0","21.501001","0.16986385","1.0152781","-0.37975308","1.0972036","110.249565","80.501945"
"583.0","21.501001","0.21477039","0.97134787","-0.44320798","1.0890713","114.013985","77.53217"
"584.0","21.51","0.18353106","0.85908157","-0.23819989","0.910189","105.17118","77.94082"
"585.0","21.560001","0.10933765","0.7878168","-0.090789296","0.8005328","96.511986","82.09864"
"586.0","21.560001","0.08395569","0.75267255","-0.006833603","0.75737125","90.516975","83.63534"
"587.0","21.571001","0.06931226","0.8151512","0.022453265","0.8184008","88.427864","85.13983"
"588.0","21.62","0.071264714","0.882511","-0.00097622897","0.88538426","90.06317","85.383255"
"589.0","21.62","0.049787678","0.96256185","-0.07028849","0.9664081","94.1709","87.03906"
"590.0","21.631","0.01854835","1.0689708","-0.13764828","1.0779562","97.33634","89.00593"
"591.0","21.681002","-0.029286869","1.1343781","-0.18645974","1.1499733","99.33128","91.478905"
"592.0","21.681002","-0.013667206","1.0904478","-0.18157859","1.105547","99.45328","90.71809"
"593.0","21.691002","-0.01952458","1.0094208","-0.13569583","1.0186877","97.65492","91.1081"
"594.0","21.740002","0.004881145","0.9088692","-0.11617125","0.91627663","97.28392","89.69229"
"595.0","21.740002","0.046858992","0.80636513","-0.099575356","0.81384015","97.02789","86.6742"
"596.0","21.751001","0.054668825","0.7946504","-0.12007617","0.8055285","98.572754","86.064476"
"597.0","21.802002","0.0741934","0.85127175","-0.14252943","0.86630416","99.46969","85.01892"
"598.0","21.802002","0.08395569","0.91375035","-0.17084008","0.9333673","100.54666","84.75038"
"599.0","21.812","0.099575356","0.97037166","-0.21769907","0.9994645","102.58077","84.14106"
"600.0","21.861002","0.11617125","0.9938011","-0.24015234","1.0289847","103.4966","83.33262"
"601.0","21.862001","0.16888762","0.9938011","-0.268463","1.0431856","104.912834","80.35524"
"602.0","21.871","0.17279254","1.0006347","-0.26651052","1.0498357","104.706","80.202614"
"603.0","21.922","0.09859913","0.96451426","-0.22453266","0.99520075","103.03907","84.16312"
"604.0","21.922","0.088836834","0.9469421","-0.19134088","0.970156","101.37484","84.64052"
"605.0","21.942001","0.13276714","0.9127741","-0.13862452","0.9327381","98.54702","81.724106"
"606.0","21.961","0.08005078","0.92546505","-0.10348027","0.9346667","96.35645","85.05634"
"607.0","22.003","0.09176553","0.95279956","-0.1552204","0.96971196","99.21088","84.498726"
"608.0","22.003","0.12398108","0.9176552","-0.17376876","0.9421561","100.62833","82.305565"
"609.0","22.021002","0.12886222","0.9030118","-0.16986385","0.9278413","100.548874","81.87857"
"610.0","22.064001","0.10152781","0.9596331","-0.18157859","0.9819238","100.65654","83.960655"
"611.0","22.064001","0.09469421","1.0035634","-0.16400647","1.021276","99.24113","84.60965"
"612.0","22.081001","0.13471961","0.97037166","-0.13569583","0.9890318","97.885895","82.09598"
"613.0","22.126001","0.16595893","0.9410847","-0.11519502","0.9625241","96.87364","79.9988"
"614.0","22.126001","0.17767367","0.9098454","-0.09176553","0.9315619","95.65321","78.95039"
"615.0","22.142","0.17669745","0.9108216","-0.088836834","0.9320462","95.46938","79.02112"
"616.0","22.187","0.18743597","0.9235126","-0.1044565","0.9481133","96.32529","78.5271"
"617.0","22.187","0.20793676","0.91472656","-0.12495731","0.94634914","97.58758","77.19309"
"618.0","22.201","0.21379416","0.90496427","-0.14057697","0.9404414","98.59678","76.70782"
"619.0","22.243002","0.17279254","0.93229866","-0.1552204","0.9607973","99.29709","79.49993"
"620.0","22.243002","0.18938842","0.9303462","-0.17376876","0.9651982","100.37176","78.49365"
"621.0","22.261002","0.16303024","0.93229866","-0.1786499","0.9631591","100.68931","80.08103"
"622.0","22.295002","0.15912533","0.9313224","-0.18060236","0.9619249","100.82156","80.30409"
"623.0","22.301","0.14545812","0.9274175","-0.15326795","0.95118475","99.272705","81.08623"
"624.0","22.348001","0.15033926","0.92448884","-0.14350566","0.9475629","98.7108","80.76348"
"625.0","22.348001","0.16595893","0.94303715","-0.12398108","0.965522","97.377625","80.01909"
"626.0","22.36","0.1552204","0.9440134","-0.1210524","0.96431756","97.211464","80.66263"
"627.0","22.401001","0.18157859","0.9283937","-0.1581491","0.9591125","99.490906","78.93358"
"628.0","22.401001","0.20500809","0.9176552","-0.1952458","0.96033347","101.73061","77.40667"
"629.0","22.421001","0.18938842","0.9264413","-0.21769907","0.9703373","102.9649","78.44646"
"630.0","22.455002","0.20012695","0.9303462","-0.21574661","0.9757773","102.77378","77.860085"
"631.0","22.461","0.20403185","0.93522733","-0.20500809","0.97893184","102.08838","77.69302"
"632.0","22.517","0.20403185","0.9401085","-0.2294138","0.98897105","103.413216","77.75499"
"633.0","22.517","0.19719826","0.9274175","-0.268463","0.9854252","105.809135","77.99589"
"634.0","22.52","0.17669745","0.9235126","-0.23331872","0.9687802","103.93598","79.168396"
"635.0","22.582","0.18353106","0.93229866","-0.15326795","0.96247363","99.16301","78.863235"
"636.0","22.583","0.19134088","0.90691674","-0.061502427","0.92891973","93.79625","78.08648"
"637.0","22.583","0.16693515","0.94206095","-0.07516963","0.9596857","94.492424","79.95138"
"638.0","22.601002","0.15424417","0.93620354","-0.10640897","0.95477283","96.39888","80.64429"
"639.0","22.642","0.16693515","0.95377576","-0.123004854","0.9760562","97.2398","80.072334"
"640.0","22.642","0.17669745","0.9498709","-0.1210524","0.97371984","97.141464","79.46214"
"641.0","22.662","0.15717287","0.9342511","-0.12495731","0.95558506","97.51382","80.450325"
"642.0","22.702002","0.099575356","0.9684192","-0.14545812","0.9843318","98.49792","84.12933"
"643.0","22.703001","0.17279254","0.97330034","-0.16888762","1.0028429","99.69532","79.93302"
"644.0","22.721","0.21574661","0.938156","-0.1552204","0.97507775","99.15975","77.048935"
"645.0","22.761002","0.21086545","0.85908157","-0.17767367","0.90224904","101.357086","76.20914"
"646.0","22.761002","0.19915071","0.8776299","-0.18548352","0.91885763","101.645935","77.21502"
"647.0","22.78","0.20500809","0.92546505","-0.19036464","0.966826","101.35553","77.50959"
"648.0","22.821001","0.21379416","0.9449896","-0.16010156","0.9820111","99.383064","77.25203"
"649.0","22.821001","0.2255089","0.938156","-0.12593354","0.9730623","97.436066","76.48397"
"650.0","22.841002","0.22746135","0.91863143","-0.114218794","0.95324093","96.881805","76.092766"
"651.0","22.884","0.20598431","0.8912971","-0.17572121","0.9315138","100.87346","76.98705"
"652.0","22.884","0.21769907","0.91570276","-0.18255483","0.9587652","100.97649","76.62677"
"653.0","22.901001","0.24503349","0.9498709","-0.111290105","0.9872596","96.472496","75.53505"
"654.0","22.945002","0.25284332","0.9401085","-0.077122085","0.9765662","94.52952","74.94645"
"655.0","22.945002","0.255772","0.93620354","-0.04490653","0.97155184","92.64924","74.719604"
"656.0","22.962002","0.26455808","0.9108216","-0.06638357","0.9507859","94.00363","73.80348"
"657.0","23.005001","0.2831064","0.9059405","-0.11519502","0.9561105","96.919975","72.64597"
"658.0","23.005001","0.3104408","0.9010593","-0.13471961","0.96251273","98.04591","70.9897"
"659.0","23.021002","0.2889638","0.9196077","-0.1181237","0.9711496","96.98635","72.55598"
"660.0","23.068","0.268463","0.9108216","-0.11226633","0.9561758","96.74275","73.57722"
"661.0","23.068","0.23819989","0.9059405","-0.16888762","0.9518353","100.220314","75.26859"
"662.0","23.080002","0.17669745","0.9117979","-0.18353106","0.9467212","101.178116","79.032585"
"663.0","23.126001","0.14936304","0.9098454","-0.15619664","0.93516064","99.61498","80.6773"
"664.0","23.126001","0.16791138","0.9664667","-0.13081467","0.98962855","97.59591","80.14397"
"665.0","23.140001","0.16888762","0.9781815","-0.114218794","0.9992037","96.56382","80.20419"
"666.0","23.175001","0.18645974","0.9596331","-0.093717985","0.9820621","95.47606","79.00426"
"667.0","23.181002","0.21965154","0.9303462","-0.1181237","0.9631947","97.04434","76.71592"
"668.0","23.227001","0.2489384","0.9127741","-0.12398108","0.95420027","97.46566","74.74488"
"669.0","23.227001","0.24600971","0.88934463","-0.09176553","0.92729473","95.67931","74.53754"
"670.0","23.241001","0.24112856","0.90691674","-0.08297946","0.9420863","95.05319","75.11082"
"671.0","23.28","0.23917611","0.93522733","-0.09176553","0.96967846","95.43031","75.65459"
"672.0","23.28","0.23039004","0.9410847","-0.08786061","0.97285116","95.18159","76.24379"
"673.0","23.331001","0.23917611","0.9410847","-0.0976229","0.97589743","95.74113","75.74022"
"674.0","23.331001","0.23527117","0.93522733","-0.099575356","0.9694936","95.895164","75.87936"
"675.0","23.341002","0.24015234","0.9176552","-0.09859913","0.9536698","95.934364","75.33447"
"676.0","23.384","0.23722363","0.9196077","-0.08688438","0.9536783","95.22715","75.535225"
"677.0","23.384","0.2323425","0.9235126","-0.09469421","0.95698774","95.67873","75.87828"
"678.0","23.401001","0.23819989","0.93522733","-0.11324256","0.9717064","96.69245","75.71073"
"679.0","23.435001","0.23917611","0.9313224","-0.102504045","0.9669921","96.08495","75.59693"
"680.0","23.441002","0.2323425","0.9235126","-0.09469421","0.95698774","95.67873","75.87828"
"681.0","23.486002","0.2294138","0.92546505","-0.09859913","0.9585604","95.903984","76.077576"
"682.0","23.486002","0.2255089","0.93229866","-0.10055158","0.9644406","95.984474","76.4022"
"683.0","23.501001","0.22355644","0.92546505","-0.099575356","0.95727646","95.97067","76.419716"
"684.0","23.538002","0.21477039","0.9303462","-0.08688438","0.9587592","95.19937","77.00099"
"685.0","23.54","0.21672285","0.93620354","-0.082003236","0.96445346","94.877495","76.96612"
"686.0","23.599","0.21477039","0.93229866","-0.084931925","0.9604793","95.0731","77.02729"
"687.0","23.599","0.21574661","0.9371798","-0.0976229","0.96663475","95.796326","77.0359"
"688.0","23.6","0.21281794","0.9303462","-0.08981306","0.9585937","95.37607","77.115204"
"689.0","23.661001","0.21184167","0.9283937","-0.0976229","0.9572471","95.85337","77.14627"
"690.0","23.661001","0.20793676","0.93229866","-0.0976229","0.9601816","95.83542","77.426735"
"691.0","23.661001","0.21184167","0.9371798","-0.088836834","0.9649222","95.28249","77.262825"
"692.0","23.681002","0.22160399","0.93620354","-0.08102701","0.96547955","94.81416","76.68291"
"693.0","23.721","0.23527117","0.93522733","-0.08688438","0.96827245","95.14815","75.87936"
"694.0","23.721","0.23331872","0.93327487","-0.10055158","0.9672384","95.9671","75.96375"
"695.0","23.776001","0.22843759","0.93327487","-0.10640897","0.96669984","96.31961","76.24614"
"696.0","23.776001","0.22355644","0.9342511","-0.10152781","0.9659765","96.03315","76.54276"
"697.0","23.781002","0.2255089","0.93522733","-0.10055158","0.967272","95.966896","76.44321"
"698.0","23.836","0.23527117","0.93229866","-0.08590815","0.96535665","95.10557","75.83678"
"699.0","23.836","0.23917611","0.92937","-0.08005078","0.96298593","94.768364","75.56794"
"700.0","23.842001","0.2323425","0.9283937","-0.08590815","0.9608736","95.129456","75.94958"
"701.0","23.897001","0.23722363","0.9283937","-0.08981306","0.9624221","95.35462","75.66645"
"702.0","23.897001","0.23039004","0.9303462","-0.093717985","0.96301955","95.58468","76.09114"
"703.0","23.900002","0.22746135","0.9264413","-0.084931925","0.9577294","95.0877","76.20551"
"704.0","23.955002","0.23039004","0.9342511","-0.07516963","0.96517104","94.46684","76.14703"
"705.0","23.956001","0.23039004","0.9401085","-0.0741934","0.9707668","94.383255","76.23005"
"706.0","23.961","0.2294138","0.94206095","-0.077122085","0.9726548","94.547775","76.313545"
"707.0","24.018002","0.2323425","0.9449896","-0.09567044","0.97782475","95.61481","76.186806"
"708.0","24.018002","0.23722363","0.9479183","-0.08590815","0.98092014","95.02435","75.949875"
"709.0","24.021002","0.25479576","0.97037166","-0.09176553","1.0074537","95.22612","75.28765"
"710.0","24.082","0.21184167","1.0269929","-0.090789296","1.052537","94.94834","78.34486"
"711.0","24.082","0.20696054","1.1021625","-0.11324256","1.1271285","95.766235","79.36502"
"712.0","24.082","0.26943922","1.0718994","-0.10836142","1.1105441","95.59955","75.890114"
"713.0","24.101002","0.268463","0.98892","-0.06443111","1.0267358","93.59787","74.811905"
"714.0","24.144001","0.23722363","0.9459658","-0.033191785","0.97582173","91.94924","75.92203"
"715.0","24.144001","0.20500809","0.93327487","-0.014643434","0.9556384","90.87799","77.61088"
"716.0","24.162","0.19426957","0.92937","0.012690976","0.94954216","89.2342","78.19326"
"717.0","24.206001","0.2020794","0.92546505","-0.014643434","0.9473838","90.88564","77.68254"
"718.0","24.206001","0.20598431","0.9313224","-0.04002539","0.95466906","92.402885","77.528435"
"719.0","24.222002","0.19329333","0.9576807","-0.055645052","0.97857606","93.25979","78.58902"
"720.0","24.269001","0.20403185","0.9957536","-0.082003236","1.0197444","94.61245","78.420265"
"721.0","24.269001","0.20988922","1.0084445","-0.09176553","1.0341347","95.09093","78.24279"
"722.0","24.282001","0.19622204","1.0006347","-0.082003236","1.0229845","94.59781","78.90522"
"723.0","24.331001","0.1718163","1.001611","-0.073217176","1.018875","94.12087","80.26622"
"724.0","24.331001","0.17279254","0.99770606","-0.07614586","1.0154176","94.30063","80.174416"
"725.0","24.343","0.16888762","0.9723241","-0.08395569","0.9904472","94.86253","80.14633"
"726.0","24.393002","0.18743597","0.9606094","-0.12983845","0.9872997","97.55678","78.95906"
"727.0","24.393002","0.15912533","0.9498709","-0.16791138","0.97763485","99.88974","80.48994"
"728.0","24.401001","0.12398108","0.9235126","-0.13862452","0.94205284","98.46189","82.35379"
"729.0","24.446001","0.08688438","0.88934463","-0.051740136","0.89507526","93.31385","84.420204"
"730.0","24.446001","0.04881145","0.87079626","-0.012690976","0.87225556","90.833664","86.79171"
"731.0","24.460001","0.035144243","0.88641596","-0.02831064","0.887564","91.82787","87.72955"
"732.0","24.498001","0.04490653","0.89617825","-0.036120474","0.8980294","92.30517","87.13137"
"733.0","24.500002","0.10055158","0.93229866","-0.08786061","0.9418126","95.352844","83.84425"
"734.0","24.562","0.10055158","0.9449896","-0.13569583","0.9599632","98.126274","83.9263"
"735.0","24.562","0.08005078","0.92546505","-0.12495731","0.93728757","97.66137","85.05634"
"736.0","24.562","0.08590815","0.938156","-0.10348027","0.94774735","96.268364","84.767944"
"737.0","24.581001","0.08688438","0.9488945","-0.093717985","0.9574616","95.6172","84.76837"
"738.0","24.623001","0.11519502","0.9371798","-0.127886","0.952854","97.71315","82.992546"
"739.0","24.623001","0.09664667","0.9098454","-0.1444819","0.9263014","98.97347","83.9366"
"740.0","24.684002","0.05759751","0.9283937","-0.1581491","0.94352716","99.64916","86.44992"
"741.0","24.684002","0.04783522","0.9479183","-0.15619664","0.9618912","99.34535","87.11111"
"742.0","24.684002","0.036120474","0.9205839","-0.117147475","0.92871034","97.24659","87.75307"
"743.0","24.701002","0.041977845","0.9274175","-0.11226633","0.93513054","96.89523","87.40838"
"744.0","24.736002","0.055645052","0.9654905","-0.13374338","0.97629684","97.87373","86.70147"
"745.0","24.740002","0.07809832","0.98208636","-0.1444819","0.99572486","98.3432","85.45325"
"746.0","24.76","0.084931925","0.98111016","-0.1415532","0.99490094","98.179726","85.0524"
"747.0","24.797","0.08102701","0.9723241","-0.12886222","0.98416716","97.52364","85.23636"
"748.0","24.801","0.07516963","0.96353805","-0.12202863","0.9741391","97.19624","85.539154"
"749.0","24.849","0.073217176","0.97427654","-0.1552204","0.98927695","99.027176","85.702286"
"750.0","24.849","0.062478654","0.9371798","-0.16400647","0.95347136","99.90469","86.18593"
"751.0","24.86","0.04783522","0.8991069","-0.14057697","0.91128665","98.874","86.95456"
"752.0","24.901001","0.043930303","0.8834872","-0.16010156","0.8989505","100.25901","87.15338"
"753.0","24.901001","0.024405725","0.8581053","-0.17376876","0.87586296","101.443245","88.370865"
"754.0","24.921001","-0.005857374","0.84053314","-0.12690976","0.8500802","98.58587","90.39927"
"755.0","24.954","-0.006833603","0.8756774","-0.119099945","0.883766","97.74498","90.44711"
"756.0","24.962002","0.017572122","0.94206095","-0.18743597","0.96068716","101.25092","88.9314"
"757.0","25.016","0.033191785","0.95475197","-0.21379416","0.9789591","102.61445","88.00893"
"758.0","25.016","0.026358182","0.9469421","-0.17376876","0.96311456","100.39445","88.40558"
"759.0","25.021002","0.033191785","0.9664667","-0.13862452","0.9769219","98.15777","88.03304"
"760.0","25.077002","0.050763905","1.0064921","-0.16693515","1.0215042","99.40552","87.11265"
"761.0","25.077002","0.077122085","1.023088","-0.18938842","1.0433239","100.45855","85.6891"
"762.0","25.080002","0.082003236","0.9869675","-0.16595893","1.0041772","99.51284","85.25043"
"763.0","25.143002","0.041977845","0.93620354","-0.107385196","0.94327664","96.53688","87.43267"
"764.0","25.143002","0.06345488","0.99184865","-0.15424417","1.0057741","98.82162","86.33941"
"765.0","25.143002","0.010738519","1.023088","-0.18255483","1.039303","100.116554","89.398636"
"766.0","25.194","-0.0078098318","0.98208636","-0.1444819","0.9926881","98.368904","90.45562"
"767.0","25.194","-0.008786061","0.9303462","-0.15033926","0.9424559","99.178955","90.54108"
"768.0","25.201002","-0.0019524579","0.90691674","-0.16791138","0.92233187","100.48924","90.12335"
"769.0","25.245","-0.0156196635","0.9274175","-0.15033926","0.9396537","99.206566","90.96489"
"770.0","25.245","-0.026358182","0.9303462","-0.13179092","0.94000405","98.05956","91.62285"
"771.0","25.260002","-0.03807293","0.9459658","-0.13764828","0.9566859","98.272446","92.30478"
"772.0","25.297","-0.0302631","0.9596331","-0.16205402","0.97369045","99.580475","91.80629"
"773.0","25.301","-0.02831064","0.9752528","-0.15912533","0.9885547","99.26307","91.66277"
"774.0","25.349","-0.032215554","0.9957536","-0.15912533","1.0089023","99.07465","91.85304"
"775.0","25.349","-0.034168016","0.9967298","-0.15326795","1.0090237","98.73689","91.96334"
"776.0","25.362001","-0.04881145","0.98794377","-0.15033926","1.0005085","98.64216","92.82852"
"777.0","25.410002","-0.041001618","0.9772052","-0.16303024","0.9915594","99.463425","92.40261"
"778.0","25.410002","-0.033191785","0.9772052","-0.17376876","0.99308974","100.07737","91.945366"
"779.0","25.421001","-0.045882765","0.9586569","-0.16010156","0.9730163","99.470604","92.74017"
"780.0","25.472002","-0.08005078","0.93522733","-0.13960074","0.9489714","98.459335","94.89231"
"781.0","25.472002","-0.08297946","0.93620354","-0.13471961","0.9494799","98.1571","95.06512"
"782.0","25.481","-0.027334413","0.98208636","-0.16205402","0.9957421","99.36638","91.5943"
"783.0","25.532001","0.004881145","0.9957536","-0.18841219","1.0134339","100.71446","89.71914"
"784.0","25.532001","0.005857374","1.0318741","-0.20598431","1.052249","101.2889","89.67477"
"785.0","25.541","-0.008786061","1.0279691","-0.16888762","1.0417873","99.32958","90.48969"
"786.0","25.593","-0.02831064","0.98892","-0.16595893","1.0031483","99.52268","91.63981"
"787.0","25.593","-0.034168016","0.9508471","-0.16595893","0.9658261","99.894295","92.058"
"788.0","25.638","-0.033191785","0.9479183","-0.18353106","0.96609235","100.95119","92.00542"
"789.0","25.638","-0.027334413","0.9371798","-0.20500809","0.95972985","102.33401","91.670654"
"790.0","25.693","-0.034168016","0.9020356","-0.21574661","0.9281068","103.44188","92.16926"
"791.0","25.693","-0.049787678","0.88934463","-0.19231711","0.9112621","102.183586","93.204216"
"792.0","25.693","-0.07809832","0.9030118","-0.19622204","0.9273795","102.21541","94.94301"
"793.0","25.745","-0.08005078","0.9108216","-0.20403185","0.9368208","102.57937","95.022736"
"794.0","25.745","-0.059549972","0.8766537","-0.20988922","0.90339434","103.434525","93.88606"
"795.0","25.745","-0.042954076","0.8659151","-0.20403185","0.8906644","103.24281","92.83985"
"796.0","25.796001","-0.049787678","0.88836837","-0.2186753","0.91624016","103.807816","93.207726"
"797.0","25.796001","-0.05662128","0.9000831","-0.21379416","0.9268568","103.33627","93.59955"
"798.0","25.845001","-0.049787678","0.9098454","-0.20403185","0.93377006","102.62114","93.132164"
"799.0","25.845001","-0.043930303","0.93620354","-0.20012695","0.958362","102.05332","92.68657"
"800.0","25.846","-0.04490653","0.95279956","-0.18938842","0.9724771","101.230034","92.69842"
"801.0","25.897001","-0.03807293","0.9606094","-0.17084008","0.97642523","100.076614","92.269684"
"802.0","25.897001","-0.041001618","0.96353805","-0.13764828","0.9741837","98.12285","92.436646"
"803.0","25.948002","-0.07028849","0.9274175","-0.10055158","0.9354968","96.17034","94.33413"
"804.0","25.948002","-0.02831064","0.93327487","-0.15912533","0.9471665","99.67164","91.73752"
"805.0","25.948002","0.0019524579","0.9479183","-0.1952458","0.9678191","101.6386","89.88199"
"806.0","26.002","0.013667206","0.9391323","-0.20305562","0.9609307","102.19922","89.16623"
"807.0","26.002","-0.004881145","0.91375035","-0.20012695","0.935422","102.35352","90.30606"
"808.0","26.002","-0.03904916","0.88934463","-0.18743597","0.90972024","101.890205","92.514114"
"809.0","26.054","-0.061502427","0.87958235","-0.16595893","0.8972124","100.659485","93.99974"
"810.0","26.055","-0.07224095","0.88641596","-0.17572121","0.9065484","101.176704","94.65918"
"811.0","26.112001","-0.059549972","0.88739216","-0.19329333","0.9101502","102.26158","93.83917"
"812.0","26.112001","-0.036120474","0.9000831","-0.21769907","0.9267401","103.58623","92.29806"
"813.0","26.112001","-0.024405725","0.91375035","-0.21281794","0.93852377","103.106285","91.529976"
"814.0","26.171001","-0.012690976","0.9098454","-0.20988922","0.9338272","102.98891","90.79914"
"815.0","26.171001","-0.011714748","0.8991069","-0.20012695","0.9211847","102.54754","90.74648"
"816.0","26.171001","-0.021477038","0.9117979","-0.18548352","0.93072057","101.49546","91.34933"
"817.0","26.234001","-0.01952458","0.9283937","-0.18255483","0.9463733","101.12204","91.20478"
"818.0","26.234001","-0.0078098318","0.9235126","-0.17376876","0.939751","100.655846","90.48452"
"819.0","26.234001","0.005857374","0.91472656","-0.17376876","0.931104","100.75598","89.63312"
"820.0","26.289001","0.011714748","0.92546505","-0.18255483","0.9433711","101.15788","89.27477"
"821.0","26.289001","0.0156196635","0.9518233","-0.16498269","0.96614224","99.83227","89.059845"
"822.0","26.289001","0.035144243","0.9596331","-0.17279254","0.97569877","100.20067","87.90262"
"823.0","26.344002","0.031239327","0.93620354","-0.18255483","0.95434755","101.02794","88.08886"
"824.0","26.344002","0.01952458","0.9196077","-0.16498269","0.9344939","100.16873","88.783714"
"825.0","26.344002","0.008786061","0.92546505","-0.15229172","0.9379528","99.34426","89.45607"
"826.0","26.399002","0.022453265","0.938156","-0.15424417","0.9510163","99.33396","88.62898"
"827.0","26.399002","0.021477038","0.9772052","-0.16010156","0.9904665","99.30225","88.74095"
"828.0","26.460001","0.033191785","0.99184865","-0.16595893","1.0061848","99.49368","88.083336"
"829.0","26.460001","0.046858992","0.97427654","-0.17669745","0.99127823","100.26797","87.246414"
"830.0","26.460001","0.02831064","0.95377576","-0.13960074","0.96435374","98.32343","88.299805"
"831.0","26.521002","0.010738519","0.9684192","-0.10152781","0.97378594","95.98459","89.36469"
"832.0","26.521002","0.01952458","0.96353805","-0.10933765","0.9699183","96.47264","88.83915"
"833.0","26.521002","0.035144243","0.9459658","-0.1444819","0.95758104","98.678055","87.872345"
"834.0","26.521002","0.050763905","0.95670444","-0.17376876","0.9736816","100.2804","86.96266"
"835.0","26.581001","0.067359805","0.96256185","-0.18841219","0.98313874","101.04871","85.99699"
"836.0","26.581001","0.07614586","0.9508471","-0.19329333","0.97327834","101.45512","85.4214"
"837.0","26.581001","0.067359805","0.9469421","-0.18938842","0.96804166","101.28216","85.931175"
"838.0","26.603","0.061502427","0.9401085","-0.17767367","0.95872545","100.679955","86.25701"
"839.0","26.644001","0.059549972","0.9127741","-0.15912533","0.92845225","99.868515","86.26727"
"840.0","26.645","0.065407336","0.9117979","-0.1513155","0.92657965","99.39881","85.89695"
"841.0","26.666","0.07809832","0.9313224","-0.17279254","0.95043045","100.474884","85.206535"
"842.0","26.708002","0.09176553","0.9313224","-0.20012695","0.9569917","102.07084","84.372665"
"843.0","26.708002","0.09274176","0.9313224","-0.18255483","0.9535663","101.03709","84.313194"
"844.0","26.771002","0.082003236","0.93522733","-0.17376876","0.9547619","100.486404","84.98897"
"845.0","26.771002","0.06833603","0.95279956","-0.15229172","0.9673105","99.058235","85.8977"
"846.0","26.771002","0.04881145","0.97427654","-0.10836142","0.9814986","96.33861","87.13187"
"847.0","26.833002","0.052716363","0.9615856","-0.10055158","0.9682647","95.960754","86.86205"
"848.0","26.833002","0.062478654","0.9508471","-0.13471961","0.9623737","98.04708","86.24059"
"849.0","26.833002","0.07224095","0.9596331","-0.14741059","0.97357297","98.70876","85.69491"
"850.0","26.890001","0.08590815","0.9664667","-0.16498269","0.98420393","99.650085","84.920395"
"851.0","26.890001","0.061502427","0.98013395","-0.15229172","0.99379975","98.81484","86.409454"
"852.0","26.890001","0.05662128","0.9850151","-0.11617125","0.9934568","96.715324","86.710106"
"853.0","26.945002","0.050763905","0.9654905","-0.10640897","0.9726622","96.280716","86.99025"
"854.0","26.945002","0.058573738","0.95572823","-0.13471961","0.96695226","98.00873","86.4929"
"855.0","26.945002","0.099575356","0.95475197","-0.22062775","0.98495847","102.94391","84.04589"
"856.0","26.998001","0.07516963","0.9391323","-0.14350566","0.9530025","98.6607","85.42371"
"857.0","26.999","0.042954076","0.93620354","-0.107385196","0.9433206","96.536575","87.37305"
"858.0","27.051","0.043930303","0.93522733","-0.11324256","0.94308215","96.89655","87.31063"
"859.0","27.051","0.04783522","0.9371798","-0.09469421","0.9431655","95.76223","87.078064"
"860.0","27.051","0.04881145","0.9459658","-0.10836142","0.95340234","96.52621","87.04618"
"861.0","27.107","0.0605262","0.9401085","-0.14350566","0.95292246","98.66143","86.31626"
"862.0","27.107","0.06345488","0.9596331","-0.15717287","0.9744873","99.28165","86.21687"
"863.0","27.107","0.07907455","0.9830626","-0.07516963","0.98909825","94.358574","85.40121"
"864.0","27.156002","0.04881145","0.97134787","-0.06345488","0.9746414","93.73293","87.12324"
"865.0","27.156002","0.061502427","0.98794377","-0.10543273","0.99545544","96.079834","86.43777"
"866.0","27.216002","0.041001618","0.9928249","-0.050763905","0.99496704","92.92454","87.63515"
"867.0","27.217001","0.034168016","0.95475197","-0.055645052","0.9569823","93.33342","87.95041"
"868.0","27.217001","0.022453265","0.9264413","-0.049787678","0.92804986","93.07526","88.61165"
"869.0","27.263","-0.035144243","0.96256185","0.00097622897","0.9632037","89.94193","92.091"
"870.0","27.263","-0.053692598","0.9449896","0.0156196635","0.94664264","89.05457","93.251945"
"871.0","27.263","-0.046858992","0.916679","0.014643434","0.9179928","89.086006","92.92631"
"872.0","27.311","-0.054668825","0.92937","0.01952458","0.93118125","88.79856","93.36646"
"873.0","27.311","-0.045882765","0.95279956","0.0302631","0.9543837","88.18287","92.75699"
"874.0","27.366001","-0.0370967","0.9654905","0.023429496","0.966487","88.6109","92.20037"
"875.0","27.367","-0.034168016","0.96353805","0.026358182","0.96450394","88.43401","92.030914"
"876.0","27.367","-0.027334413","0.9596331","0.025381953","0.9603578","88.48551","91.631584"
"877.0","27.429","-0.0370967","0.9693954","0.042954076","0.97105545","87.46473","92.19152"
"878.0","27.429","-0.023429496","0.98892","0.04490653","0.9902163","87.400734","91.3572"
"879.0","27.429","-0.011714748","0.9859913","0.041001618","0.98691297","87.61894","90.68071"
"880.0","27.489002","0.002928687","0.9654905","0.07224095","0.9681938","85.72095","89.8262"
"881.0","27.489002","0.0019524579","0.9371798","0.08786061","0.9412913","84.64419","89.88063"
"882.0","27.489002","0.0019524579","0.9303462","0.08786061","0.9344877","84.60508","89.87976"
"883.0","27.542002","-0.014643434","0.9449896","0.09274176","0.9496425","84.395584","90.88778"
"884.0","27.542002","-0.010738519","0.9664667","0.084931925","0.97025084","84.97813","90.6366"
"885.0","27.594002","0.0019524579","0.96256185","0.08981306","0.9667448","84.66939","89.88378"
"886.0","27.594002","0.0019524579","0.9664667","0.099575356","0.9715848","84.11757","89.884254"
"887.0","27.594002","-0.00976229","0.9606094","0.10348027","0.96621627","83.85192","90.58225"
"888.0","27.645","-0.01854835","0.9615856","0.11324256","0.96840835","83.28465","91.105064"
"889.0","27.645","-0.027334413","0.9723241","0.12398108","0.9805777","82.73627","91.6103"
"890.0","27.693","-0.032215554","0.976229","0.11617125","0.9836446","83.21738","91.890076"
"891.0","27.693","-0.035144243","0.96353805","0.123004854","0.97199327","82.729774","92.08889"
"892.0","27.693","-0.042954076","0.95377576","0.13960074","0.96489465","81.68127","92.57862"
"893.0","27.745","-0.03904916","0.95572823","0.1415532","0.9669429","81.58208","92.33969"
"894.0","27.745","-0.034168016","0.96353805","0.13667206","0.9737825","81.9318","92.030914"
"895.0","27.792002","-0.027334413","0.96353805","0.13276714","0.97302616","82.15766","91.62498"
"896.0","27.792002","-0.034168016","0.9498709","0.13569583","0.96012264","81.875084","92.06011"
"897.0","27.792002","-0.03904916","0.9440134","0.13569583","0.95451534","81.82703","92.36869"
"898.0","27.849","-0.0370967","0.94206095","0.1415532","0.9533584","81.461235","92.25504"
"899.0","27.849","-0.0302631","0.9459658","0.13276714","0.95571667","82.0147","91.83237"
"900.0","27.909","-0.023429496","0.9440134","0.12007617","0.9519079","82.75325","91.42173"
"901.0","27.909","-0.021477038","0.9469421","0.111290105","0.95370126","83.29873","91.29927"
"902.0","27.909","-0.020500809","0.9596331","0.1210524","0.96745527","82.81205","91.22383"
"903.0","27.971","-0.026358182","0.9654905","0.117147475","0.9729287","83.084404","91.563805"
"904.0","27.971","-0.02831064","0.97037166","0.119099945","0.9780631","83.00566","91.671135"
"905.0","27.971","-0.036120474","0.9781815","0.123004854","0.98654646","82.83759","92.11475"
"906.0","28.032001","-0.029286869","0.96256185","0.12495731","0.9710805","82.60676","91.742744"
"907.0","28.032001","-0.013667206","0.9615856","0.14741059","0.972915","81.2853","90.8143"
"908.0","28.032001","-0.027334413","0.95572823","0.14252943","0.96668416","81.52131","91.638245"
